"","Male","Female","Not Black","Black","Not Other Race","Other Race","Not Younger 35","Younger 35","Not Older 54","Older 54"
"Control",0.522114629678095,0.530238002341007,0.523538816841357,0.539072847682119,0.52602523659306,0.431818181818182,0.533173734610123,0.51878612716763,0.523475823405746,0.541420118343195
"Treatment",0.477885370321905,0.469761997658993,0.476461183158643,0.460927152317881,0.47397476340694,0.568181818181818,0.466826265389877,0.48121387283237,0.476524176594254,0.458579881656805
